Date,0P00000UWV.F_Open,0P00000UWV.F_High,0P00000UWV.F_Low,0P00000UWV.F_Close,0P00000UWV.F_Adj Close,0P00000UWV.F_Volume
2018-01-02,81.52999877929688,81.52999877929688,81.52999877929688,81.52999877929688,81.52999877929688,0
2018-01-03,81.5999984741211,81.5999984741211,81.5999984741211,81.5999984741211,81.5999984741211,0
2018-01-04,81.62000274658203,81.62000274658203,81.62000274658203,81.62000274658203,81.62000274658203,0
2018-01-05,81.61000061035156,81.61000061035156,81.61000061035156,81.61000061035156,81.61000061035156,0
2018-01-08,81.6500015258789,81.6500015258789,81.6500015258789,81.6500015258789,81.6500015258789,0
2018-01-09,81.58999633789062,81.58999633789062,81.58999633789062,81.58999633789062,81.58999633789062,0
2018-01-10,81.5199966430664,81.5199966430664,81.5199966430664,81.5199966430664,81.5199966430664,0
2018-01-11,81.33999633789062,81.33999633789062,81.33999633789062,81.33999633789062,81.33999633789062,0
2018-01-12,81.33000183105469,81.33000183105469,81.33000183105469,81.33000183105469,81.33000183105469,0
2018-01-15,81.30000305175781,81.30000305175781,81.30000305175781,81.30000305175781,81.30000305175781,0
2018-01-16,81.37000274658203,81.37000274658203,81.37000274658203,81.37000274658203,81.37000274658203,0
2018-01-17,81.38999938964844,81.38999938964844,81.38999938964844,81.38999938964844,81.38999938964844,0
2018-01-18,81.3499984741211,81.3499984741211,81.3499984741211,81.3499984741211,81.3499984741211,0
2018-01-19,81.37999725341797,81.37999725341797,81.37999725341797,81.37999725341797,81.37999725341797,0
2018-01-22,81.37999725341797,81.37999725341797,81.37999725341797,81.37999725341797,81.37999725341797,0
2018-01-23,81.4000015258789,81.4000015258789,81.4000015258789,81.4000015258789,81.4000015258789,0
2018-01-24,81.33999633789062,81.33999633789062,81.33999633789062,81.33999633789062,81.33999633789062,0
2018-01-25,81.19999694824219,81.19999694824219,81.19999694824219,81.19999694824219,81.19999694824219,0
2018-01-26,81.13999938964844,81.13999938964844,81.13999938964844,81.13999938964844,81.13999938964844,0
2018-01-29,80.97000122070312,80.97000122070312,80.97000122070312,80.97000122070312,80.97000122070312,0
2018-01-30,81.01000213623047,81.01000213623047,81.01000213623047,81.01000213623047,81.01000213623047,0
2018-01-31,81.0,81.0,81.0,81.0,81.0,0
2018-02-01,80.94999694824219,80.94999694824219,80.94999694824219,80.94999694824219,80.94999694824219,0
2018-02-02,80.88999938964844,80.88999938964844,80.88999938964844,80.88999938964844,80.88999938964844,0
2018-02-05,80.93000030517578,80.93000030517578,80.93000030517578,80.93000030517578,80.93000030517578,0
2018-02-06,80.98999786376953,80.98999786376953,80.98999786376953,80.98999786376953,80.98999786376953,0
2018-02-07,80.88999938964844,80.88999938964844,80.88999938964844,80.88999938964844,80.88999938964844,0
2018-02-08,80.83999633789062,80.83999633789062,80.83999633789062,80.83999633789062,80.83999633789062,0
2018-02-09,80.87000274658203,80.87000274658203,80.87000274658203,80.87000274658203,80.87000274658203,0
2018-02-12,80.83999633789062,80.83999633789062,80.83999633789062,80.83999633789062,80.83999633789062,0
2018-02-13,80.83999633789062,80.83999633789062,80.83999633789062,80.83999633789062,80.83999633789062,0
2018-02-14,80.80999755859375,80.80999755859375,80.80999755859375,80.80999755859375,80.80999755859375,0
2018-02-15,80.76000213623047,80.76000213623047,80.76000213623047,80.76000213623047,80.76000213623047,0
2018-02-16,80.9000015258789,80.9000015258789,80.9000015258789,80.9000015258789,80.9000015258789,0
2018-02-19,80.8499984741211,80.8499984741211,80.8499984741211,80.8499984741211,80.8499984741211,0
2018-02-20,80.87000274658203,80.87000274658203,80.87000274658203,80.87000274658203,80.87000274658203,0
2018-02-21,80.88999938964844,80.88999938964844,80.88999938964844,80.88999938964844,80.88999938964844,0
2018-02-22,80.91000366210938,80.91000366210938,80.91000366210938,80.91000366210938,80.91000366210938,0
2018-02-23,81.0199966430664,81.0199966430664,81.0199966430664,81.0199966430664,81.0199966430664,0
2018-02-26,81.04000091552734,81.04000091552734,81.04000091552734,81.04000091552734,81.04000091552734,0
2018-02-27,80.98999786376953,80.98999786376953,80.98999786376953,80.98999786376953,80.98999786376953,0
2018-02-28,81.02999877929688,81.02999877929688,81.02999877929688,81.02999877929688,81.02999877929688,0
2018-03-01,81.0,81.0,81.0,81.0,81.0,0
2018-03-02,80.95999908447266,80.95999908447266,80.95999908447266,80.95999908447266,80.95999908447266,0
2018-03-05,80.87000274658203,80.87000274658203,80.87000274658203,80.87000274658203,80.87000274658203,0
2018-03-06,80.86000061035156,80.86000061035156,80.86000061035156,80.86000061035156,80.86000061035156,0
2018-03-07,80.95999908447266,80.95999908447266,80.95999908447266,80.95999908447266,80.95999908447266,0
2018-03-08,81.06999969482422,81.06999969482422,81.06999969482422,81.06999969482422,81.06999969482422,0
2018-03-09,81.0199966430664,81.0199966430664,81.0199966430664,81.0199966430664,81.0199966430664,0
2018-03-12,81.05999755859375,81.05999755859375,81.05999755859375,81.05999755859375,81.05999755859375,0
2018-03-13,81.06999969482422,81.06999969482422,81.06999969482422,81.06999969482422,81.06999969482422,0
2018-03-14,81.08999633789062,81.08999633789062,81.08999633789062,81.08999633789062,81.08999633789062,0
2018-03-15,81.1500015258789,81.1500015258789,81.1500015258789,81.1500015258789,81.1500015258789,0
2018-03-16,81.16999816894531,81.16999816894531,81.16999816894531,81.16999816894531,81.16999816894531,0
2018-03-19,81.16999816894531,81.16999816894531,81.16999816894531,81.16999816894531,81.16999816894531,0
2018-03-20,81.19999694824219,81.19999694824219,81.19999694824219,81.19999694824219,81.19999694824219,0
2018-03-21,81.16000366210938,81.16000366210938,81.16000366210938,81.16000366210938,81.16000366210938,0
2018-03-22,81.26000213623047,81.26000213623047,81.26000213623047,81.26000213623047,81.26000213623047,0
2018-03-23,81.29000091552734,81.29000091552734,81.29000091552734,81.29000091552734,81.29000091552734,0
2018-03-26,81.2699966430664,81.2699966430664,81.2699966430664,81.2699966430664,81.2699966430664,0
2018-03-27,81.4000015258789,81.4000015258789,81.4000015258789,81.4000015258789,81.4000015258789,0
2018-03-28,81.43000030517578,81.43000030517578,81.43000030517578,81.43000030517578,81.43000030517578,0
2018-03-29,81.55000305175781,81.55000305175781,81.55000305175781,81.55000305175781,81.55000305175781,0
2018-04-03,81.51000213623047,81.51000213623047,81.51000213623047,81.51000213623047,81.51000213623047,0
2018-04-04,81.58000183105469,81.58000183105469,81.58000183105469,81.58000183105469,81.58000183105469,0
2018-04-05,81.45999908447266,81.45999908447266,81.45999908447266,81.45999908447266,81.45999908447266,0
2018-04-06,81.45999908447266,81.45999908447266,81.45999908447266,81.45999908447266,81.45999908447266,0
2018-04-09,81.4800033569336,81.4800033569336,81.4800033569336,81.4800033569336,81.4800033569336,0
2018-04-10,81.41999816894531,81.41999816894531,81.41999816894531,81.41999816894531,81.41999816894531,0
2018-04-11,81.44999694824219,81.44999694824219,81.44999694824219,81.44999694824219,81.44999694824219,0
2018-04-12,81.44999694824219,81.44999694824219,81.44999694824219,81.44999694824219,81.44999694824219,0
2018-04-13,81.48999786376953,81.48999786376953,81.48999786376953,81.48999786376953,81.48999786376953,0
2018-04-16,81.47000122070312,81.47000122070312,81.47000122070312,81.47000122070312,81.47000122070312,0
2018-04-17,81.56999969482422,81.56999969482422,81.56999969482422,81.56999969482422,81.56999969482422,0
2018-04-18,81.55000305175781,81.55000305175781,81.55000305175781,81.55000305175781,81.55000305175781,0
2018-04-19,81.37000274658203,81.37000274658203,81.37000274658203,81.37000274658203,81.37000274658203,0
2018-04-20,81.37000274658203,81.37000274658203,81.37000274658203,81.37000274658203,81.37000274658203,0
2018-04-23,81.30000305175781,81.30000305175781,81.30000305175781,81.30000305175781,81.30000305175781,0
2018-04-24,81.36000061035156,81.36000061035156,81.36000061035156,81.36000061035156,81.36000061035156,0
2018-04-25,81.30000305175781,81.30000305175781,81.30000305175781,81.30000305175781,81.30000305175781,0
2018-04-26,81.37000274658203,81.37000274658203,81.37000274658203,81.37000274658203,81.37000274658203,0
2018-04-27,81.44999694824219,81.44999694824219,81.44999694824219,81.44999694824219,81.44999694824219,0
2018-04-30,81.44000244140625,81.44000244140625,81.44000244140625,81.44000244140625,81.44000244140625,0
2018-05-02,81.4000015258789,81.4000015258789,81.4000015258789,81.4000015258789,81.4000015258789,0
2018-05-03,81.54000091552734,81.54000091552734,81.54000091552734,81.54000091552734,81.54000091552734,0
2018-05-04,81.4800033569336,81.4800033569336,81.4800033569336,81.4800033569336,81.4800033569336,0
2018-05-07,81.5199966430664,81.5199966430664,81.5199966430664,81.5199966430664,81.5199966430664,0
2018-05-08,81.37999725341797,81.37999725341797,81.37999725341797,81.37999725341797,81.37999725341797,0
2018-05-09,81.37000274658203,81.37000274658203,81.37000274658203,81.37000274658203,81.37000274658203,0
2018-05-11,81.36000061035156,81.36000061035156,81.36000061035156,81.36000061035156,81.36000061035156,0
2018-05-14,81.16999816894531,81.16999816894531,81.16999816894531,81.16999816894531,81.16999816894531,0
2018-05-15,81.05999755859375,81.05999755859375,81.05999755859375,81.05999755859375,81.05999755859375,0
2018-05-16,80.94000244140625,80.94000244140625,80.94000244140625,80.94000244140625,80.94000244140625,0
2018-05-17,80.93000030517578,80.93000030517578,80.93000030517578,80.93000030517578,80.93000030517578,0
2018-05-18,80.86000061035156,80.86000061035156,80.86000061035156,80.86000061035156,80.86000061035156,0
2018-05-22,80.7300033569336,80.7300033569336,80.7300033569336,80.7300033569336,80.7300033569336,0
2018-05-23,80.77999877929688,80.77999877929688,80.77999877929688,80.77999877929688,80.77999877929688,0
2018-05-24,80.87000274658203,80.87000274658203,80.87000274658203,80.87000274658203,80.87000274658203,0
2018-05-25,80.81999969482422,80.81999969482422,80.81999969482422,80.81999969482422,80.81999969482422,0
2018-05-28,80.55000305175781,80.55000305175781,80.55000305175781,80.55000305175781,80.55000305175781,0
2018-05-29,79.80999755859375,79.80999755859375,79.80999755859375,79.80999755859375,79.80999755859375,0
2018-05-30,80.08999633789062,80.08999633789062,80.08999633789062,80.08999633789062,80.08999633789062,0
2018-06-01,80.55000305175781,80.55000305175781,80.55000305175781,80.55000305175781,80.55000305175781,0
2018-06-04,80.7699966430664,80.7699966430664,80.7699966430664,80.7699966430664,80.7699966430664,0
2018-06-05,80.56999969482422,80.56999969482422,80.56999969482422,80.56999969482422,80.56999969482422,0
2018-06-06,80.02999877929688,80.02999877929688,80.02999877929688,80.02999877929688,80.02999877929688,0
2018-06-07,79.9000015258789,79.9000015258789,79.9000015258789,79.9000015258789,79.9000015258789,0
2018-06-08,79.8499984741211,79.8499984741211,79.8499984741211,79.8499984741211,79.8499984741211,0
2018-06-11,80.12999725341797,80.12999725341797,80.12999725341797,80.12999725341797,80.12999725341797,0
2018-06-12,80.19999694824219,80.19999694824219,80.19999694824219,80.19999694824219,80.19999694824219,0
2018-06-13,80.30999755859375,80.30999755859375,80.30999755859375,80.30999755859375,80.30999755859375,0
2018-06-14,80.58000183105469,80.58000183105469,80.58000183105469,80.58000183105469,80.58000183105469,0
2018-06-15,80.87999725341797,80.87999725341797,80.87999725341797,80.87999725341797,80.87999725341797,0
2018-06-18,81.01000213623047,81.01000213623047,81.01000213623047,81.01000213623047,81.01000213623047,0
2018-06-19,81.05999755859375,81.05999755859375,81.05999755859375,81.05999755859375,81.05999755859375,0
2018-06-20,81.0199966430664,81.0199966430664,81.0199966430664,81.0199966430664,81.0199966430664,0
2018-06-21,80.80999755859375,80.80999755859375,80.80999755859375,80.80999755859375,80.80999755859375,0
2018-06-22,80.73999786376953,80.73999786376953,80.73999786376953,80.73999786376953,80.73999786376953,0
2018-06-25,80.6500015258789,80.6500015258789,80.6500015258789,80.6500015258789,80.6500015258789,0
2018-06-26,80.48999786376953,80.48999786376953,80.48999786376953,80.48999786376953,80.48999786376953,0
2018-06-27,80.63999938964844,80.63999938964844,80.63999938964844,80.63999938964844,80.63999938964844,0
2018-06-28,80.6500015258789,80.6500015258789,80.6500015258789,80.6500015258789,80.6500015258789,0
2018-06-29,80.79000091552734,80.79000091552734,80.79000091552734,80.79000091552734,80.79000091552734,0
2018-07-02,80.86000061035156,80.86000061035156,80.86000061035156,80.86000061035156,80.86000061035156,0
2018-07-03,80.9000015258789,80.9000015258789,80.9000015258789,80.9000015258789,80.9000015258789,0
2018-07-04,80.77999877929688,80.77999877929688,80.77999877929688,80.77999877929688,80.77999877929688,0
2018-07-05,80.72000122070312,80.72000122070312,80.72000122070312,80.72000122070312,80.72000122070312,0
2018-07-06,80.77999877929688,80.77999877929688,80.77999877929688,80.77999877929688,80.77999877929688,0
2018-07-09,80.83999633789062,80.83999633789062,80.83999633789062,80.83999633789062,80.83999633789062,0
2018-07-10,80.79000091552734,80.79000091552734,80.79000091552734,80.79000091552734,80.79000091552734,0
2018-07-11,80.77999877929688,80.77999877929688,80.77999877929688,80.77999877929688,80.77999877929688,0
2018-07-12,80.86000061035156,80.86000061035156,80.86000061035156,80.86000061035156,80.86000061035156,0
2018-07-13,80.97000122070312,80.97000122070312,80.97000122070312,80.97000122070312,80.97000122070312,0
2018-07-16,80.95999908447266,80.95999908447266,80.95999908447266,80.95999908447266,80.95999908447266,0
2018-07-17,81.0999984741211,81.0999984741211,81.0999984741211,81.0999984741211,81.0999984741211,0
2018-07-18,81.05999755859375,81.05999755859375,81.05999755859375,81.05999755859375,81.05999755859375,0
2018-07-19,81.08000183105469,81.08000183105469,81.08000183105469,81.08000183105469,81.08000183105469,0
2018-07-20,80.91000366210938,80.91000366210938,80.91000366210938,80.91000366210938,80.91000366210938,0
2018-07-23,80.80999755859375,80.80999755859375,80.80999755859375,80.80999755859375,80.80999755859375,0
2018-07-24,80.80000305175781,80.80000305175781,80.80000305175781,80.80000305175781,80.80000305175781,0
2018-07-25,80.83999633789062,80.83999633789062,80.83999633789062,80.83999633789062,80.83999633789062,0
2018-07-26,80.81999969482422,80.81999969482422,80.81999969482422,80.81999969482422,80.81999969482422,0
2018-07-27,80.79000091552734,80.79000091552734,80.79000091552734,80.79000091552734,80.79000091552734,0
2018-07-30,80.69000244140625,80.69000244140625,80.69000244140625,80.69000244140625,80.69000244140625,0
2018-07-31,80.7300033569336,80.7300033569336,80.7300033569336,80.7300033569336,80.7300033569336,0
2018-08-01,80.62000274658203,80.62000274658203,80.62000274658203,80.62000274658203,80.62000274658203,0
2018-08-02,80.48999786376953,80.48999786376953,80.48999786376953,80.48999786376953,80.48999786376953,0
2018-08-03,80.55000305175781,80.55000305175781,80.55000305175781,80.55000305175781,80.55000305175781,0
2018-08-06,80.61000061035156,80.61000061035156,80.61000061035156,80.61000061035156,80.61000061035156,0
2018-08-07,80.62999725341797,80.62999725341797,80.62999725341797,80.62999725341797,80.62999725341797,0
2018-08-08,80.5999984741211,80.5999984741211,80.5999984741211,80.5999984741211,80.5999984741211,0
2018-08-09,80.63999938964844,80.63999938964844,80.63999938964844,80.63999938964844,80.63999938964844,0
2018-08-10,80.55999755859375,80.55999755859375,80.55999755859375,80.55999755859375,80.55999755859375,0
2018-08-13,80.44999694824219,80.44999694824219,80.44999694824219,80.44999694824219,80.44999694824219,0
2018-08-14,80.5,80.5,80.5,80.5,80.5,0
2018-08-15,80.41000366210938,80.41000366210938,80.41000366210938,80.41000366210938,80.41000366210938,0
2018-08-16,80.44999694824219,80.44999694824219,80.44999694824219,80.44999694824219,80.44999694824219,0
2018-08-17,80.43000030517578,80.43000030517578,80.43000030517578,80.43000030517578,80.43000030517578,0
2018-08-20,80.55000305175781,80.55000305175781,80.55000305175781,80.55000305175781,80.55000305175781,0
2018-08-21,80.63999938964844,80.63999938964844,80.63999938964844,80.63999938964844,80.63999938964844,0
2018-08-22,80.54000091552734,80.54000091552734,80.54000091552734,80.54000091552734,80.54000091552734,0
2018-08-23,80.4800033569336,80.4800033569336,80.4800033569336,80.4800033569336,80.4800033569336,0
2018-08-24,80.41000366210938,80.41000366210938,80.41000366210938,80.41000366210938,80.41000366210938,0
2018-08-27,80.3499984741211,80.3499984741211,80.3499984741211,80.3499984741211,80.3499984741211,0
2018-08-28,80.27999877929688,80.27999877929688,80.27999877929688,80.27999877929688,80.27999877929688,0
2018-08-29,80.26000213623047,80.26000213623047,80.26000213623047,80.26000213623047,80.26000213623047,0
2018-08-30,80.26000213623047,80.26000213623047,80.26000213623047,80.26000213623047,80.26000213623047,0
2018-08-31,80.22000122070312,80.22000122070312,80.22000122070312,80.22000122070312,80.22000122070312,0
2018-09-03,80.2699966430664,80.2699966430664,80.2699966430664,80.2699966430664,80.2699966430664,0
2018-09-04,80.41000366210938,80.41000366210938,80.41000366210938,80.41000366210938,80.41000366210938,0
2018-09-05,80.44999694824219,80.44999694824219,80.44999694824219,80.44999694824219,80.44999694824219,0
2018-09-06,80.5199966430664,80.5199966430664,80.5199966430664,80.5199966430664,80.5199966430664,0
2018-09-07,80.5199966430664,80.5199966430664,80.5199966430664,80.5199966430664,80.5199966430664,0
2018-09-10,80.63999938964844,80.63999938964844,80.63999938964844,80.63999938964844,80.63999938964844,0
2018-09-11,80.56999969482422,80.56999969482422,80.56999969482422,80.56999969482422,80.56999969482422,0
2018-09-12,80.58000183105469,80.58000183105469,80.58000183105469,80.58000183105469,80.58000183105469,0
2018-09-13,80.55999755859375,80.55999755859375,80.55999755859375,80.55999755859375,80.55999755859375,0
2018-09-14,80.5,80.5,80.5,80.5,80.5,0
2018-09-17,80.62999725341797,80.62999725341797,80.62999725341797,80.62999725341797,80.62999725341797,0
2018-09-18,80.66999816894531,80.66999816894531,80.66999816894531,80.66999816894531,80.66999816894531,0
2018-09-19,80.55000305175781,80.55000305175781,80.55000305175781,80.55000305175781,80.55000305175781,0
2018-09-20,80.54000091552734,80.54000091552734,80.54000091552734,80.54000091552734,80.54000091552734,0
2018-09-21,80.6500015258789,80.6500015258789,80.6500015258789,80.6500015258789,80.6500015258789,0
2018-09-24,80.44000244140625,80.44000244140625,80.44000244140625,80.44000244140625,80.44000244140625,0
2018-09-25,80.41000366210938,80.41000366210938,80.41000366210938,80.41000366210938,80.41000366210938,0
2018-09-26,80.48999786376953,80.48999786376953,80.48999786376953,80.48999786376953,80.48999786376953,0
2018-09-27,80.44000244140625,80.44000244140625,80.44000244140625,80.44000244140625,80.44000244140625,0
2018-09-28,80.16000366210938,80.16000366210938,80.16000366210938,80.16000366210938,80.16000366210938,0
2018-10-01,80.0,80.0,80.0,80.0,80.0,0
2018-10-02,79.94000244140625,79.94000244140625,79.94000244140625,79.94000244140625,79.94000244140625,0
2018-10-04,79.91999816894531,79.91999816894531,79.91999816894531,79.91999816894531,79.91999816894531,0
2018-10-05,79.7300033569336,79.7300033569336,79.7300033569336,79.7300033569336,79.7300033569336,0
2018-10-08,79.58999633789062,79.58999633789062,79.58999633789062,79.58999633789062,79.58999633789062,0
2018-10-09,79.68000030517578,79.68000030517578,79.68000030517578,79.68000030517578,79.68000030517578,0
2018-10-10,79.6500015258789,79.6500015258789,79.6500015258789,79.6500015258789,79.6500015258789,0
2018-10-11,79.58000183105469,79.58000183105469,79.58000183105469,79.58000183105469,79.58000183105469,0
2018-10-12,79.5999984741211,79.5999984741211,79.5999984741211,79.5999984741211,79.5999984741211,0
2018-10-15,79.62000274658203,79.62000274658203,79.62000274658203,79.62000274658203,79.62000274658203,0
2018-10-16,79.79000091552734,79.79000091552734,79.79000091552734,79.79000091552734,79.79000091552734,0
2018-10-17,79.80999755859375,79.80999755859375,79.80999755859375,79.80999755859375,79.80999755859375,0
2018-10-18,79.66999816894531,79.66999816894531,79.66999816894531,79.66999816894531,79.66999816894531,0
2018-10-19,79.70999908447266,79.70999908447266,79.70999908447266,79.70999908447266,79.70999908447266,0
2018-10-22,79.80999755859375,79.80999755859375,79.80999755859375,79.80999755859375,79.80999755859375,0
2018-10-23,79.79000091552734,79.79000091552734,79.79000091552734,79.79000091552734,79.79000091552734,0
2018-10-24,79.79000091552734,79.79000091552734,79.79000091552734,79.79000091552734,79.79000091552734,0
2018-10-25,79.86000061035156,79.86000061035156,79.86000061035156,79.86000061035156,79.86000061035156,0
2018-10-26,79.9800033569336,79.9800033569336,79.9800033569336,79.9800033569336,79.9800033569336,0
2018-10-29,80.04000091552734,80.04000091552734,80.04000091552734,80.04000091552734,80.04000091552734,0
2018-10-30,79.93000030517578,79.93000030517578,79.93000030517578,79.93000030517578,79.93000030517578,0
2018-10-31,79.94999694824219,79.94999694824219,79.94999694824219,79.94999694824219,79.94999694824219,0
2018-11-01,79.94000244140625,79.94000244140625,79.94000244140625,79.94000244140625,79.94000244140625,0
2018-11-02,79.94000244140625,79.94000244140625,79.94000244140625,79.94000244140625,79.94000244140625,0
2018-11-05,80.02999877929688,80.02999877929688,80.02999877929688,80.02999877929688,80.02999877929688,0
2018-11-06,79.94999694824219,79.94999694824219,79.94999694824219,79.94999694824219,79.94999694824219,0
2018-11-07,79.97000122070312,79.97000122070312,79.97000122070312,79.97000122070312,79.97000122070312,0
2018-11-08,79.88999938964844,79.88999938964844,79.88999938964844,79.88999938964844,79.88999938964844,0
2018-11-09,79.95999908447266,79.95999908447266,79.95999908447266,79.95999908447266,79.95999908447266,0
2018-11-12,79.98999786376953,79.98999786376953,79.98999786376953,79.98999786376953,79.98999786376953,0
2018-11-13,79.94999694824219,79.94999694824219,79.94999694824219,79.94999694824219,79.94999694824219,0
2018-11-14,79.87000274658203,79.87000274658203,79.87000274658203,79.87000274658203,79.87000274658203,0
2018-11-15,79.41999816894531,79.41999816894531,79.41999816894531,79.41999816894531,79.41999816894531,0
2018-11-16,79.3499984741211,79.3499984741211,79.3499984741211,79.3499984741211,79.3499984741211,0
2018-11-19,79.26000213623047,79.26000213623047,79.26000213623047,79.26000213623047,79.26000213623047,0
2018-11-20,79.2300033569336,79.2300033569336,79.2300033569336,79.2300033569336,79.2300033569336,0
2018-11-21,79.30999755859375,79.30999755859375,79.30999755859375,79.30999755859375,79.30999755859375,0
2018-11-22,79.41000366210938,79.41000366210938,79.41000366210938,79.41000366210938,79.41000366210938,0
2018-11-23,79.5,79.5,79.5,79.5,79.5,0
2018-11-26,79.56999969482422,79.56999969482422,79.56999969482422,79.56999969482422,79.56999969482422,0
2018-11-27,79.58000183105469,79.58000183105469,79.58000183105469,79.58000183105469,79.58000183105469,0
2018-11-28,79.61000061035156,79.61000061035156,79.61000061035156,79.61000061035156,79.61000061035156,0
2018-11-29,79.7300033569336,79.7300033569336,79.7300033569336,79.7300033569336,79.7300033569336,0
2018-11-30,79.7300033569336,79.7300033569336,79.7300033569336,79.7300033569336,79.7300033569336,0
2018-12-03,79.81999969482422,79.81999969482422,79.81999969482422,79.81999969482422,79.81999969482422,0
2018-12-04,79.9000015258789,79.9000015258789,79.9000015258789,79.9000015258789,79.9000015258789,0
2018-12-05,79.9000015258789,79.9000015258789,79.9000015258789,79.9000015258789,79.9000015258789,0
2018-12-06,79.81999969482422,79.81999969482422,79.81999969482422,79.81999969482422,79.81999969482422,0
2018-12-07,79.79000091552734,79.79000091552734,79.79000091552734,79.79000091552734,79.79000091552734,0
2018-12-10,79.80000305175781,79.80000305175781,79.80000305175781,79.80000305175781,79.80000305175781,0
2018-12-11,79.80000305175781,79.80000305175781,79.80000305175781,79.80000305175781,79.80000305175781,0
2018-12-12,79.8499984741211,79.8499984741211,79.8499984741211,79.8499984741211,79.8499984741211,0
2018-12-13,79.88999938964844,79.88999938964844,79.88999938964844,79.88999938964844,79.88999938964844,0
2018-12-14,79.91999816894531,79.91999816894531,79.91999816894531,79.91999816894531,79.91999816894531,0
2018-12-17,79.95999908447266,79.95999908447266,79.95999908447266,79.95999908447266,79.95999908447266,0
2018-12-18,79.97000122070312,79.97000122070312,79.97000122070312,79.97000122070312,79.97000122070312,0
2018-12-19,80.11000061035156,80.11000061035156,80.11000061035156,80.11000061035156,80.11000061035156,0
2018-12-20,80.16999816894531,80.16999816894531,80.16999816894531,80.16999816894531,80.16999816894531,0
2018-12-21,80.08999633789062,80.08999633789062,80.08999633789062,80.08999633789062,80.08999633789062,0
2018-12-27,80.16000366210938,80.16000366210938,80.16000366210938,80.16000366210938,80.16000366210938,0
2018-12-28,80.1500015258789,80.1500015258789,80.1500015258789,80.1500015258789,80.1500015258789,0
2019-01-02,80.31999969482422,80.31999969482422,80.31999969482422,80.31999969482422,80.31999969482422,0
2019-01-03,80.12000274658203,80.12000274658203,80.12000274658203,80.12000274658203,80.12000274658203,0
2019-01-04,80.01000213623047,80.01000213623047,80.01000213623047,80.01000213623047,80.01000213623047,0
2019-01-07,79.94999694824219,79.94999694824219,79.94999694824219,79.94999694824219,79.94999694824219,0
2019-01-08,79.83000183105469,79.83000183105469,79.83000183105469,79.83000183105469,79.83000183105469,0
2019-01-09,79.9000015258789,79.9000015258789,79.9000015258789,79.9000015258789,79.9000015258789,0
2019-01-10,79.94000244140625,79.94000244140625,79.94000244140625,79.94000244140625,79.94000244140625,0
2019-01-11,79.98999786376953,79.98999786376953,79.98999786376953,79.98999786376953,79.98999786376953,0
2019-01-14,80.08000183105469,80.08000183105469,80.08000183105469,80.08000183105469,80.08000183105469,0
2019-01-15,80.11000061035156,80.11000061035156,80.11000061035156,80.11000061035156,80.11000061035156,0
2019-01-16,80.23999786376953,80.23999786376953,80.23999786376953,80.23999786376953,80.23999786376953,0
2019-01-17,80.23999786376953,80.23999786376953,80.23999786376953,80.23999786376953,80.23999786376953,0
2019-01-18,80.29000091552734,80.29000091552734,80.29000091552734,80.29000091552734,80.29000091552734,0
2019-01-21,80.30000305175781,80.30000305175781,80.30000305175781,80.30000305175781,80.30000305175781,0
2019-01-22,80.33999633789062,80.33999633789062,80.33999633789062,80.33999633789062,80.33999633789062,0
2019-01-23,80.37999725341797,80.37999725341797,80.37999725341797,80.37999725341797,80.37999725341797,0
2019-01-24,80.5199966430664,80.5199966430664,80.5199966430664,80.5199966430664,80.5199966430664,0
2019-01-25,80.54000091552734,80.54000091552734,80.54000091552734,80.54000091552734,80.54000091552734,0
2019-01-28,80.51000213623047,80.51000213623047,80.51000213623047,80.51000213623047,80.51000213623047,0
2019-01-29,80.55999755859375,80.55999755859375,80.55999755859375,80.55999755859375,80.55999755859375,0
2019-01-30,80.62999725341797,80.62999725341797,80.62999725341797,80.62999725341797,80.62999725341797,0
2019-01-31,80.76000213623047,80.76000213623047,80.76000213623047,80.76000213623047,80.76000213623047,0
2019-02-01,80.61000061035156,80.61000061035156,80.61000061035156,80.61000061035156,80.61000061035156,0
2019-02-04,80.58999633789062,80.58999633789062,80.58999633789062,80.58999633789062,80.58999633789062,0
2019-02-05,80.58999633789062,80.58999633789062,80.58999633789062,80.58999633789062,80.58999633789062,0
2019-02-06,80.62000274658203,80.62000274658203,80.62000274658203,80.62000274658203,80.62000274658203,0
2019-02-07,80.58999633789062,80.58999633789062,80.58999633789062,80.58999633789062,80.58999633789062,0
2019-02-08,80.55999755859375,80.55999755859375,80.55999755859375,80.55999755859375,80.55999755859375,0
2019-02-11,80.61000061035156,80.61000061035156,80.61000061035156,80.61000061035156,80.61000061035156,0
2019-02-12,80.63999938964844,80.63999938964844,80.63999938964844,80.63999938964844,80.63999938964844,0
2019-02-13,80.72000122070312,80.72000122070312,80.72000122070312,80.72000122070312,80.72000122070312,0
2019-02-14,80.70999908447266,80.70999908447266,80.70999908447266,80.70999908447266,80.70999908447266,0
2019-02-15,80.72000122070312,80.72000122070312,80.72000122070312,80.72000122070312,80.72000122070312,0
2019-02-18,80.81999969482422,80.81999969482422,80.81999969482422,80.81999969482422,80.81999969482422,0
2019-02-19,80.80000305175781,80.80000305175781,80.80000305175781,80.80000305175781,80.80000305175781,0
2019-02-20,80.7699966430664,80.7699966430664,80.7699966430664,80.7699966430664,80.7699966430664,0
2019-02-21,80.7699966430664,80.7699966430664,80.7699966430664,80.7699966430664,80.7699966430664,0
2019-02-22,80.7699966430664,80.7699966430664,80.7699966430664,80.7699966430664,80.7699966430664,0
2019-02-25,80.83000183105469,80.83000183105469,80.83000183105469,80.83000183105469,80.83000183105469,0
2019-02-26,80.9000015258789,80.9000015258789,80.9000015258789,80.9000015258789,80.9000015258789,0
2019-02-27,80.80000305175781,80.80000305175781,80.80000305175781,80.80000305175781,80.80000305175781,0
2019-02-28,80.79000091552734,80.79000091552734,80.79000091552734,80.79000091552734,80.79000091552734,0
2019-03-01,80.81999969482422,80.81999969482422,80.81999969482422,80.81999969482422,80.81999969482422,0
2019-03-04,80.87999725341797,80.87999725341797,80.87999725341797,80.87999725341797,80.87999725341797,0
2019-03-05,80.91999816894531,80.91999816894531,80.91999816894531,80.91999816894531,80.91999816894531,0
2019-03-06,81.0999984741211,81.0999984741211,81.0999984741211,81.0999984741211,81.0999984741211,0
2019-03-07,81.33999633789062,81.33999633789062,81.33999633789062,81.33999633789062,81.33999633789062,0
2019-03-08,81.31999969482422,81.31999969482422,81.31999969482422,81.31999969482422,81.31999969482422,0
2019-03-11,81.26000213623047,81.26000213623047,81.26000213623047,81.26000213623047,81.26000213623047,0
2019-03-12,81.25,81.25,81.25,81.25,81.25,0
2019-03-13,81.2300033569336,81.2300033569336,81.2300033569336,81.2300033569336,81.2300033569336,0
2019-03-14,81.30999755859375,81.30999755859375,81.30999755859375,81.30999755859375,81.30999755859375,0
2019-03-15,81.37000274658203,81.37000274658203,81.37000274658203,81.37000274658203,81.37000274658203,0
2019-03-18,81.45999908447266,81.45999908447266,81.45999908447266,81.45999908447266,81.45999908447266,0
2019-03-19,81.38999938964844,81.38999938964844,81.38999938964844,81.38999938964844,81.38999938964844,0
2019-03-20,81.4000015258789,81.4000015258789,81.4000015258789,81.4000015258789,81.4000015258789,0
2019-03-21,81.5,81.5,81.5,81.5,81.5,0
2019-03-22,81.55000305175781,81.55000305175781,81.55000305175781,81.55000305175781,81.55000305175781,0
2019-03-25,81.54000091552734,81.54000091552734,81.54000091552734,81.54000091552734,81.54000091552734,0
2019-03-26,81.56999969482422,81.56999969482422,81.56999969482422,81.56999969482422,81.56999969482422,0
2019-03-27,81.70999908447266,81.70999908447266,81.70999908447266,81.70999908447266,81.70999908447266,0
2019-03-28,81.6500015258789,81.6500015258789,81.6500015258789,81.6500015258789,81.6500015258789,0
2019-03-29,81.66000366210938,81.66000366210938,81.66000366210938,81.66000366210938,81.66000366210938,0
2019-04-01,81.63999938964844,81.63999938964844,81.63999938964844,81.63999938964844,81.63999938964844,0
2019-04-02,81.68000030517578,81.68000030517578,81.68000030517578,81.68000030517578,81.68000030517578,0
2019-04-03,81.61000061035156,81.61000061035156,81.61000061035156,81.61000061035156,81.61000061035156,0
2019-04-04,81.63999938964844,81.63999938964844,81.63999938964844,81.63999938964844,81.63999938964844,0
2019-04-05,81.66999816894531,81.66999816894531,81.66999816894531,81.66999816894531,81.66999816894531,0
2019-04-08,81.69999694824219,81.69999694824219,81.69999694824219,81.69999694824219,81.69999694824219,0
2019-04-09,81.76000213623047,81.76000213623047,81.76000213623047,81.76000213623047,81.76000213623047,0
2019-04-10,81.86000061035156,81.86000061035156,81.86000061035156,81.86000061035156,81.86000061035156,0
2019-04-11,81.88999938964844,81.88999938964844,81.88999938964844,81.88999938964844,81.88999938964844,0
2019-04-12,81.7300033569336,81.7300033569336,81.7300033569336,81.7300033569336,81.7300033569336,0
2019-04-15,81.70999908447266,81.70999908447266,81.70999908447266,81.70999908447266,81.70999908447266,0
2019-04-16,81.70999908447266,81.70999908447266,81.70999908447266,81.70999908447266,81.70999908447266,0
2019-04-17,81.66999816894531,81.66999816894531,81.66999816894531,81.66999816894531,81.66999816894531,0
2019-04-18,81.79000091552734,81.79000091552734,81.79000091552734,81.79000091552734,81.79000091552734,0
2019-04-23,81.70999908447266,81.70999908447266,81.70999908447266,81.70999908447266,81.70999908447266,0
2019-04-24,81.86000061035156,81.86000061035156,81.86000061035156,81.86000061035156,81.86000061035156,0
2019-04-25,81.80000305175781,81.80000305175781,81.80000305175781,81.80000305175781,81.80000305175781,0
2019-04-26,81.91000366210938,81.91000366210938,81.91000366210938,81.91000366210938,81.91000366210938,0
2019-04-29,81.87999725341797,81.87999725341797,81.87999725341797,81.87999725341797,81.87999725341797,0
2019-04-30,81.93000030517578,81.93000030517578,81.93000030517578,81.93000030517578,81.93000030517578,0
2019-05-02,81.93000030517578,81.93000030517578,81.93000030517578,81.93000030517578,81.93000030517578,0
2019-05-03,81.95999908447266,81.95999908447266,81.95999908447266,81.95999908447266,81.95999908447266,0
2019-05-06,81.9800033569336,81.9800033569336,81.9800033569336,81.9800033569336,81.9800033569336,0
2019-05-07,81.97000122070312,81.97000122070312,81.97000122070312,81.97000122070312,81.97000122070312,0
2019-05-08,81.94999694824219,81.94999694824219,81.94999694824219,81.94999694824219,81.94999694824219,0
2019-05-09,81.86000061035156,81.86000061035156,81.86000061035156,81.86000061035156,81.86000061035156,0
2019-05-10,81.83999633789062,81.83999633789062,81.83999633789062,81.83999633789062,81.83999633789062,0
2019-05-13,81.83999633789062,81.83999633789062,81.83999633789062,81.83999633789062,81.83999633789062,0
2019-05-14,81.83999633789062,81.83999633789062,81.83999633789062,81.83999633789062,81.83999633789062,0
2019-05-15,81.83999633789062,81.83999633789062,81.83999633789062,81.83999633789062,81.83999633789062,0
2019-05-16,81.87999725341797,81.87999725341797,81.87999725341797,81.87999725341797,81.87999725341797,0
2019-05-17,81.94000244140625,81.94000244140625,81.94000244140625,81.94000244140625,81.94000244140625,0
2019-05-20,81.91999816894531,81.91999816894531,81.91999816894531,81.91999816894531,81.91999816894531,0
2019-05-21,81.94999694824219,81.94999694824219,81.94999694824219,81.94999694824219,81.94999694824219,0
2019-05-22,81.97000122070312,81.97000122070312,81.97000122070312,81.97000122070312,81.97000122070312,0
2019-05-23,82.0,82.0,82.0,82.0,82.0,0
2019-05-24,82.01000213623047,82.01000213623047,82.01000213623047,82.01000213623047,82.01000213623047,0
2019-05-27,81.95999908447266,81.95999908447266,81.95999908447266,81.95999908447266,81.95999908447266,0
2019-05-28,82.01000213623047,82.01000213623047,82.01000213623047,82.01000213623047,82.01000213623047,0
2019-05-29,82.06999969482422,82.06999969482422,82.06999969482422,82.06999969482422,82.06999969482422,0
2019-05-31,82.05000305175781,82.05000305175781,82.05000305175781,82.05000305175781,82.05000305175781,0
2019-06-03,82.12000274658203,82.12000274658203,82.12000274658203,82.12000274658203,82.12000274658203,0
2019-06-04,81.88999938964844,81.88999938964844,81.88999938964844,81.88999938964844,81.88999938964844,0
2019-06-05,82.0199966430664,82.0199966430664,82.0199966430664,82.0199966430664,82.0199966430664,0
2019-06-06,82.25,82.25,82.25,82.25,82.25,0
2019-06-07,82.4000015258789,82.4000015258789,82.4000015258789,82.4000015258789,82.4000015258789,0
2019-06-11,82.37999725341797,82.37999725341797,82.37999725341797,82.37999725341797,82.37999725341797,0
2019-06-12,82.31999969482422,82.31999969482422,82.31999969482422,82.31999969482422,82.31999969482422,0
2019-06-13,82.37000274658203,82.37000274658203,82.37000274658203,82.37000274658203,82.37000274658203,0
2019-06-14,82.38999938964844,82.38999938964844,82.38999938964844,82.38999938964844,82.38999938964844,0
2019-06-17,82.38999938964844,82.38999938964844,82.38999938964844,82.38999938964844,82.38999938964844,0
2019-06-18,82.69000244140625,82.69000244140625,82.69000244140625,82.69000244140625,82.69000244140625,0
2019-06-19,82.6500015258789,82.6500015258789,82.6500015258789,82.6500015258789,82.6500015258789,0
2019-06-21,82.63999938964844,82.63999938964844,82.63999938964844,82.63999938964844,82.63999938964844,0
2019-06-24,82.69999694824219,82.69999694824219,82.69999694824219,82.69999694824219,82.69999694824219,0
2019-06-25,82.73999786376953,82.73999786376953,82.73999786376953,82.73999786376953,82.73999786376953,0
2019-06-26,82.69000244140625,82.69000244140625,82.69000244140625,82.69000244140625,82.69000244140625,0
2019-06-27,82.79000091552734,82.79000091552734,82.79000091552734,82.79000091552734,82.79000091552734,0
2019-06-28,82.80000305175781,82.80000305175781,82.80000305175781,82.80000305175781,82.80000305175781,0
2019-07-01,82.95999908447266,82.95999908447266,82.95999908447266,82.95999908447266,82.95999908447266,0
2019-07-02,83.08000183105469,83.08000183105469,83.08000183105469,83.08000183105469,83.08000183105469,0
2019-07-03,83.20999908447266,83.20999908447266,83.20999908447266,83.20999908447266,83.20999908447266,0
2019-07-04,83.20999908447266,83.20999908447266,83.20999908447266,83.20999908447266,83.20999908447266,0
2019-07-05,83.05999755859375,83.05999755859375,83.05999755859375,83.05999755859375,83.05999755859375,0
2019-07-08,83.0199966430664,83.0199966430664,83.0199966430664,83.0199966430664,83.0199966430664,0
2019-07-09,83.0,83.0,83.0,83.0,83.0,0
2019-07-10,82.91999816894531,82.91999816894531,82.91999816894531,82.91999816894531,82.91999816894531,0
2019-07-11,82.88999938964844,82.88999938964844,82.88999938964844,82.88999938964844,82.88999938964844,0
2019-07-12,82.81999969482422,82.81999969482422,82.81999969482422,82.81999969482422,82.81999969482422,0
2019-07-15,82.95999908447266,82.95999908447266,82.95999908447266,82.95999908447266,82.95999908447266,0
2019-07-16,83.04000091552734,83.04000091552734,83.04000091552734,83.04000091552734,83.04000091552734,0
2019-07-17,83.12999725341797,83.12999725341797,83.12999725341797,83.12999725341797,83.12999725341797,0
2019-07-18,83.13999938964844,83.13999938964844,83.13999938964844,83.13999938964844,83.13999938964844,0
2019-07-19,83.19000244140625,83.19000244140625,83.19000244140625,83.19000244140625,83.19000244140625,0
2019-07-22,83.16000366210938,83.16000366210938,83.16000366210938,83.16000366210938,83.16000366210938,0
2019-07-23,83.20999908447266,83.20999908447266,83.20999908447266,83.20999908447266,83.20999908447266,0
2019-07-24,83.30000305175781,83.30000305175781,83.30000305175781,83.30000305175781,83.30000305175781,0
2019-07-25,83.30000305175781,83.30000305175781,83.30000305175781,83.30000305175781,83.30000305175781,0
2019-07-26,83.27999877929688,83.27999877929688,83.27999877929688,83.27999877929688,83.27999877929688,0
2019-07-29,83.29000091552734,83.29000091552734,83.29000091552734,83.29000091552734,83.29000091552734,0
2019-07-30,83.26000213623047,83.26000213623047,83.26000213623047,83.26000213623047,83.26000213623047,0
2019-07-31,83.37000274658203,83.37000274658203,83.37000274658203,83.37000274658203,83.37000274658203,0
2019-08-01,83.36000061035156,83.36000061035156,83.36000061035156,83.36000061035156,83.36000061035156,0
2019-08-02,83.4000015258789,83.4000015258789,83.4000015258789,83.4000015258789,83.4000015258789,0
2019-08-05,83.38999938964844,83.38999938964844,83.38999938964844,83.38999938964844,83.38999938964844,0
2019-08-06,83.41000366210938,83.41000366210938,83.41000366210938,83.41000366210938,83.41000366210938,0
2019-08-07,83.5,83.5,83.5,83.5,83.5,0
2019-08-08,83.36000061035156,83.36000061035156,83.36000061035156,83.36000061035156,83.36000061035156,0
2019-08-09,83.19000244140625,83.19000244140625,83.19000244140625,83.19000244140625,83.19000244140625,0
2019-08-12,83.30999755859375,83.30999755859375,83.30999755859375,83.30999755859375,83.30999755859375,0
2019-08-13,83.3499984741211,83.3499984741211,83.3499984741211,83.3499984741211,83.3499984741211,0
2019-08-14,83.5,83.5,83.5,83.5,83.5,0
2019-08-15,83.80000305175781,83.80000305175781,83.80000305175781,83.80000305175781,83.80000305175781,0
2019-08-16,83.73999786376953,83.73999786376953,83.73999786376953,83.73999786376953,83.73999786376953,0
2019-08-19,83.58999633789062,83.58999633789062,83.58999633789062,83.58999633789062,83.58999633789062,0
2019-08-20,83.72000122070312,83.72000122070312,83.72000122070312,83.72000122070312,83.72000122070312,0
2019-08-21,83.70999908447266,83.70999908447266,83.70999908447266,83.70999908447266,83.70999908447266,0
2019-08-22,83.58999633789062,83.58999633789062,83.58999633789062,83.58999633789062,83.58999633789062,0
2019-08-23,83.63999938964844,83.63999938964844,83.63999938964844,83.63999938964844,83.63999938964844,0
2019-08-26,83.66999816894531,83.66999816894531,83.66999816894531,83.66999816894531,83.66999816894531,0
2019-08-27,83.8499984741211,83.8499984741211,83.8499984741211,83.8499984741211,83.8499984741211,0
2019-08-28,83.91000366210938,83.91000366210938,83.91000366210938,83.91000366210938,83.91000366210938,0
2019-08-29,83.91999816894531,83.91999816894531,83.91999816894531,83.91999816894531,83.91999816894531,0
2019-08-30,83.93000030517578,83.93000030517578,83.93000030517578,83.93000030517578,83.93000030517578,0
2019-09-02,83.95999908447266,83.95999908447266,83.95999908447266,83.95999908447266,83.95999908447266,0
2019-09-03,84.0,84.0,84.0,84.0,84.0,0
2019-09-04,84.02999877929688,84.02999877929688,84.02999877929688,84.02999877929688,84.02999877929688,0
2019-09-05,83.75,83.75,83.75,83.75,83.75,0
2019-09-06,83.87999725341797,83.87999725341797,83.87999725341797,83.87999725341797,83.87999725341797,0
2019-09-09,83.7699966430664,83.7699966430664,83.7699966430664,83.7699966430664,83.7699966430664,0
2019-09-10,83.62000274658203,83.62000274658203,83.62000274658203,83.62000274658203,83.62000274658203,0
2019-09-11,83.6500015258789,83.6500015258789,83.6500015258789,83.6500015258789,83.6500015258789,0
2019-09-12,83.4000015258789,83.4000015258789,83.4000015258789,83.4000015258789,83.4000015258789,0
2019-09-13,83.3499984741211,83.3499984741211,83.3499984741211,83.3499984741211,83.3499984741211,0
2019-09-16,83.48999786376953,83.48999786376953,83.48999786376953,83.48999786376953,83.48999786376953,0
2019-09-17,83.37999725341797,83.37999725341797,83.37999725341797,83.37999725341797,83.37999725341797,0
2019-09-18,83.5,83.5,83.5,83.5,83.5,0
2019-09-19,83.41999816894531,83.41999816894531,83.41999816894531,83.41999816894531,83.41999816894531,0
2019-09-20,83.36000061035156,83.36000061035156,83.36000061035156,83.36000061035156,83.36000061035156,0
2019-09-23,83.5199966430664,83.5199966430664,83.5199966430664,83.5199966430664,83.5199966430664,0
2019-09-24,83.5199966430664,83.5199966430664,83.5199966430664,83.5199966430664,83.5199966430664,0
2019-09-25,83.37999725341797,83.37999725341797,83.37999725341797,83.37999725341797,83.37999725341797,0
2019-09-26,83.38999938964844,83.38999938964844,83.38999938964844,83.38999938964844,83.38999938964844,0
2019-09-27,83.43000030517578,83.43000030517578,83.43000030517578,83.43000030517578,83.43000030517578,0
2019-09-30,83.43000030517578,83.43000030517578,83.43000030517578,83.43000030517578,83.43000030517578,0
2019-10-01,83.4000015258789,83.4000015258789,83.4000015258789,83.4000015258789,83.4000015258789,0
2019-10-02,83.38999938964844,83.38999938964844,83.38999938964844,83.38999938964844,83.38999938964844,0
2019-10-04,83.4000015258789,83.4000015258789,83.4000015258789,83.4000015258789,83.4000015258789,0
2019-10-07,83.37000274658203,83.37000274658203,83.37000274658203,83.37000274658203,83.37000274658203,0
2019-10-08,83.37000274658203,83.37000274658203,83.37000274658203,83.37000274658203,83.37000274658203,0
2019-10-09,83.23999786376953,83.23999786376953,83.23999786376953,83.23999786376953,83.23999786376953,0
2019-10-10,83.05000305175781,83.05000305175781,83.05000305175781,83.05000305175781,83.05000305175781,0
2019-10-11,83.05999755859375,83.05999755859375,83.05999755859375,83.05999755859375,83.05999755859375,0
2019-10-14,83.0999984741211,83.0999984741211,83.0999984741211,83.0999984741211,83.0999984741211,0
2019-10-15,83.05999755859375,83.05999755859375,83.05999755859375,83.05999755859375,83.05999755859375,0
2019-10-16,83.01000213623047,83.01000213623047,83.01000213623047,83.01000213623047,83.01000213623047,0
2019-10-17,83.0999984741211,83.0999984741211,83.0999984741211,83.0999984741211,83.0999984741211,0
2019-10-18,83.0,83.0,83.0,83.0,83.0,0
2019-10-21,82.95999908447266,82.95999908447266,82.95999908447266,82.95999908447266,82.95999908447266,0
2019-10-22,83.02999877929688,83.02999877929688,83.02999877929688,83.02999877929688,83.02999877929688,0
2019-10-23,83.05999755859375,83.05999755859375,83.05999755859375,83.05999755859375,83.05999755859375,0
2019-10-24,83.08000183105469,83.08000183105469,83.08000183105469,83.08000183105469,83.08000183105469,0
2019-10-25,83.01000213623047,83.01000213623047,83.01000213623047,83.01000213623047,83.01000213623047,0
2019-10-28,82.9800033569336,82.9800033569336,82.9800033569336,82.9800033569336,82.9800033569336,0
2019-10-29,82.98999786376953,82.98999786376953,82.98999786376953,82.98999786376953,82.98999786376953,0
2019-10-30,82.97000122070312,82.97000122070312,82.97000122070312,82.97000122070312,82.97000122070312,0
2019-10-31,83.05000305175781,83.05000305175781,83.05000305175781,83.05000305175781,83.05000305175781,0
2019-11-01,83.04000091552734,83.04000091552734,83.04000091552734,83.04000091552734,83.04000091552734,0
2019-11-04,83.02999877929688,83.02999877929688,83.02999877929688,83.02999877929688,83.02999877929688,0
2019-11-05,83.01000213623047,83.01000213623047,83.01000213623047,83.01000213623047,83.01000213623047,0
2019-11-06,83.05999755859375,83.05999755859375,83.05999755859375,83.05999755859375,83.05999755859375,0
2019-11-07,82.86000061035156,82.86000061035156,82.86000061035156,82.86000061035156,82.86000061035156,0
2019-11-08,82.87000274658203,82.87000274658203,82.87000274658203,82.87000274658203,82.87000274658203,0
2019-11-11,82.80999755859375,82.80999755859375,82.80999755859375,82.80999755859375,82.80999755859375,0
2019-11-12,82.80000305175781,82.80000305175781,82.80000305175781,82.80000305175781,82.80000305175781,0
2019-11-13,82.72000122070312,82.72000122070312,82.72000122070312,82.72000122070312,82.72000122070312,0
2019-11-14,82.68000030517578,82.68000030517578,82.68000030517578,82.68000030517578,82.68000030517578,0
2019-11-15,82.69000244140625,82.69000244140625,82.69000244140625,82.69000244140625,82.69000244140625,0
2019-11-18,82.66999816894531,82.66999816894531,82.66999816894531,82.66999816894531,82.66999816894531,0
2019-11-19,82.63999938964844,82.63999938964844,82.63999938964844,82.63999938964844,82.63999938964844,0
2019-11-20,82.6500015258789,82.6500015258789,82.6500015258789,82.6500015258789,82.6500015258789,0
2019-11-21,82.55999755859375,82.55999755859375,82.55999755859375,82.55999755859375,82.55999755859375,0
2019-11-22,82.62999725341797,82.62999725341797,82.62999725341797,82.62999725341797,82.62999725341797,0
2019-11-25,82.6500015258789,82.6500015258789,82.6500015258789,82.6500015258789,82.6500015258789,0
2019-11-26,82.72000122070312,82.72000122070312,82.72000122070312,82.72000122070312,82.72000122070312,0
2019-11-27,82.77999877929688,82.77999877929688,82.77999877929688,82.77999877929688,82.77999877929688,0
2019-11-28,82.72000122070312,82.72000122070312,82.72000122070312,82.72000122070312,82.72000122070312,0
2019-11-29,82.72000122070312,82.72000122070312,82.72000122070312,82.72000122070312,82.72000122070312,0
2019-12-02,82.62000274658203,82.62000274658203,82.62000274658203,82.62000274658203,82.62000274658203,0
2019-12-03,82.76000213623047,82.76000213623047,82.76000213623047,82.76000213623047,82.76000213623047,0
2019-12-04,82.69000244140625,82.69000244140625,82.69000244140625,82.69000244140625,82.69000244140625,0
2019-12-05,82.66999816894531,82.66999816894531,82.66999816894531,82.66999816894531,82.66999816894531,0
2019-12-06,82.66999816894531,82.66999816894531,82.66999816894531,82.66999816894531,82.66999816894531,0
2019-12-09,82.75,82.75,82.75,82.75,82.75,0
2019-12-10,82.16000366210938,82.16000366210938,82.16000366210938,82.16000366210938,82.16000366210938,0
2019-12-11,82.25,82.25,82.25,82.25,82.25,0
2019-12-12,82.19999694824219,82.19999694824219,82.19999694824219,82.19999694824219,82.19999694824219,0
2019-12-13,82.23999786376953,82.23999786376953,82.23999786376953,82.23999786376953,82.23999786376953,0
2019-12-16,82.25,82.25,82.25,82.25,82.25,0
2019-12-17,82.26000213623047,82.26000213623047,82.26000213623047,82.26000213623047,82.26000213623047,0
2019-12-18,82.20999908447266,82.20999908447266,82.20999908447266,82.20999908447266,82.20999908447266,0
2019-12-19,82.2300033569336,82.2300033569336,82.2300033569336,82.2300033569336,82.2300033569336,0
2019-12-20,82.20999908447266,82.20999908447266,82.20999908447266,82.20999908447266,82.20999908447266,0
2019-12-23,82.16000366210938,82.16000366210938,82.16000366210938,82.16000366210938,82.16000366210938,0
2019-12-27,82.20999908447266,82.20999908447266,82.20999908447266,82.20999908447266,82.20999908447266,0
2019-12-30,82.13999938964844,82.13999938964844,82.13999938964844,82.13999938964844,82.13999938964844,0
2020-01-02,82.16999816894531,82.16999816894531,82.16999816894531,82.16999816894531,82.16999816894531,0
2020-01-03,82.25,82.25,82.25,82.25,82.25,0
2020-01-06,82.26000213623047,82.26000213623047,82.26000213623047,82.26000213623047,82.26000213623047,0
2020-01-07,82.25,82.25,82.25,82.25,82.25,0
2020-01-08,82.13999938964844,82.13999938964844,82.13999938964844,82.13999938964844,82.13999938964844,0
2020-01-09,82.12999725341797,82.12999725341797,82.12999725341797,82.12999725341797,82.12999725341797,0
2020-01-10,82.11000061035156,82.11000061035156,82.11000061035156,82.11000061035156,82.11000061035156,0
2020-01-13,82.06999969482422,82.06999969482422,82.06999969482422,82.06999969482422,82.06999969482422,0
2020-01-14,82.0199966430664,82.0199966430664,82.0199966430664,82.0199966430664,82.0199966430664,0
2020-01-15,82.05999755859375,82.05999755859375,82.05999755859375,82.05999755859375,82.05999755859375,0
2020-01-16,82.04000091552734,82.04000091552734,82.04000091552734,82.04000091552734,82.04000091552734,0
2020-01-17,82.08000183105469,82.08000183105469,82.08000183105469,82.08000183105469,82.08000183105469,0
2020-01-20,82.08999633789062,82.08999633789062,82.08999633789062,82.08999633789062,82.08999633789062,0
2020-01-21,82.0999984741211,82.0999984741211,82.0999984741211,82.0999984741211,82.0999984741211,0
2020-01-22,82.08000183105469,82.08000183105469,82.08000183105469,82.08000183105469,82.08000183105469,0
2020-01-23,82.16999816894531,82.16999816894531,82.16999816894531,82.16999816894531,82.16999816894531,0
2020-01-24,82.20999908447266,82.20999908447266,82.20999908447266,82.20999908447266,82.20999908447266,0
2020-01-27,82.26000213623047,82.26000213623047,82.26000213623047,82.26000213623047,82.26000213623047,0
2020-01-28,82.16999816894531,82.16999816894531,82.16999816894531,82.16999816894531,82.16999816894531,0
2020-01-29,82.26000213623047,82.26000213623047,82.26000213623047,82.26000213623047,82.26000213623047,0
2020-01-30,82.30999755859375,82.30999755859375,82.30999755859375,82.30999755859375,82.30999755859375,0
2020-01-31,82.37999725341797,82.37999725341797,82.37999725341797,82.37999725341797,82.37999725341797,0
2020-02-03,82.41999816894531,82.41999816894531,82.41999816894531,82.41999816894531,82.41999816894531,0
2020-02-04,82.36000061035156,82.36000061035156,82.36000061035156,82.36000061035156,82.36000061035156,0
2020-02-05,82.31999969482422,82.31999969482422,82.31999969482422,82.31999969482422,82.31999969482422,0
2020-02-06,82.3499984741211,82.3499984741211,82.3499984741211,82.3499984741211,82.3499984741211,0
2020-02-07,82.36000061035156,82.36000061035156,82.36000061035156,82.36000061035156,82.36000061035156,0
2020-02-10,82.41999816894531,82.41999816894531,82.41999816894531,82.41999816894531,82.41999816894531,0
2020-02-11,82.41000366210938,82.41000366210938,82.41000366210938,82.41000366210938,82.41000366210938,0
2020-02-12,82.41000366210938,82.41000366210938,82.41000366210938,82.41000366210938,82.41000366210938,0
2020-02-13,82.43000030517578,82.43000030517578,82.43000030517578,82.43000030517578,82.43000030517578,0
2020-02-14,82.4800033569336,82.4800033569336,82.4800033569336,82.4800033569336,82.4800033569336,0
2020-02-17,82.4800033569336,82.4800033569336,82.4800033569336,82.4800033569336,82.4800033569336,0
2020-02-18,82.4800033569336,82.4800033569336,82.4800033569336,82.4800033569336,82.4800033569336,0
2020-02-19,82.5,82.5,82.5,82.5,82.5,0
2020-02-20,82.5199966430664,82.5199966430664,82.5199966430664,82.5199966430664,82.5199966430664,0
2020-02-21,82.45999908447266,82.45999908447266,82.45999908447266,82.45999908447266,82.45999908447266,0
2020-02-24,82.43000030517578,82.43000030517578,82.43000030517578,82.43000030517578,82.43000030517578,0
2020-02-25,82.38999938964844,82.38999938964844,82.38999938964844,82.38999938964844,82.38999938964844,0
2020-02-26,82.30000305175781,82.30000305175781,82.30000305175781,82.30000305175781,82.30000305175781,0
2020-02-27,82.18000030517578,82.18000030517578,82.18000030517578,82.18000030517578,82.18000030517578,0
2020-02-28,82.16999816894531,82.16999816894531,82.16999816894531,82.16999816894531,82.16999816894531,0
2020-03-02,82.16000366210938,82.16000366210938,82.16000366210938,82.16000366210938,82.16000366210938,0
2020-03-03,82.30000305175781,82.30000305175781,82.30000305175781,82.30000305175781,82.30000305175781,0
2020-03-04,82.30999755859375,82.30999755859375,82.30999755859375,82.30999755859375,82.30999755859375,0
2020-03-05,82.20999908447266,82.20999908447266,82.20999908447266,82.20999908447266,82.20999908447266,0
2020-03-06,82.06999969482422,82.06999969482422,82.06999969482422,82.06999969482422,82.06999969482422,0
2020-03-09,81.55999755859375,81.55999755859375,81.55999755859375,81.55999755859375,81.55999755859375,0
2020-03-10,81.44000244140625,81.44000244140625,81.44000244140625,81.44000244140625,81.44000244140625,0
2020-03-11,81.33000183105469,81.33000183105469,81.33000183105469,81.33000183105469,81.33000183105469,0
2020-03-12,80.8499984741211,80.8499984741211,80.8499984741211,80.8499984741211,80.8499984741211,0
2020-03-13,80.5999984741211,80.5999984741211,80.5999984741211,80.5999984741211,80.5999984741211,0
2020-03-16,79.94999694824219,79.94999694824219,79.94999694824219,79.94999694824219,79.94999694824219,0
2020-03-17,79.38999938964844,79.38999938964844,79.38999938964844,79.38999938964844,79.38999938964844,0
2020-03-18,78.55999755859375,78.55999755859375,78.55999755859375,78.55999755859375,78.55999755859375,0
2020-03-19,78.54000091552734,78.54000091552734,78.54000091552734,78.54000091552734,78.54000091552734,0
2020-03-20,78.69999694824219,78.69999694824219,78.69999694824219,78.69999694824219,78.69999694824219,0
2020-03-23,78.55999755859375,78.55999755859375,78.55999755859375,78.55999755859375,78.55999755859375,0
2020-03-24,78.30999755859375,78.30999755859375,78.30999755859375,78.30999755859375,78.30999755859375,0
2020-03-25,78.43000030517578,78.43000030517578,78.43000030517578,78.43000030517578,78.43000030517578,0
2020-03-26,78.80000305175781,78.80000305175781,78.80000305175781,78.80000305175781,78.80000305175781,0
2020-03-27,79.05999755859375,79.05999755859375,79.05999755859375,79.05999755859375,79.05999755859375,0
2020-03-30,79.18000030517578,79.18000030517578,79.18000030517578,79.18000030517578,79.18000030517578,0
2020-03-31,79.08000183105469,79.08000183105469,79.08000183105469,79.08000183105469,79.08000183105469,0
2020-04-01,79.08000183105469,79.08000183105469,79.08000183105469,79.08000183105469,79.08000183105469,0
2020-04-02,78.9800033569336,78.9800033569336,78.9800033569336,78.9800033569336,78.9800033569336,0
2020-04-03,78.93000030517578,78.93000030517578,78.93000030517578,78.93000030517578,78.93000030517578,0
2020-04-06,78.91000366210938,78.91000366210938,78.91000366210938,78.91000366210938,78.91000366210938,0
2020-04-07,78.75,78.75,78.75,78.75,78.75,0
2020-04-08,78.76000213623047,78.76000213623047,78.76000213623047,78.76000213623047,78.76000213623047,0
2020-04-09,79.2699966430664,79.2699966430664,79.2699966430664,79.2699966430664,79.2699966430664,0
2020-04-14,79.41000366210938,79.41000366210938,79.41000366210938,79.41000366210938,79.41000366210938,0
2020-04-15,79.47000122070312,79.47000122070312,79.47000122070312,79.47000122070312,79.47000122070312,0
2020-04-16,79.45999908447266,79.45999908447266,79.45999908447266,79.45999908447266,79.45999908447266,0
2020-04-17,79.5199966430664,79.5199966430664,79.5199966430664,79.5199966430664,79.5199966430664,0
2020-04-20,79.30999755859375,79.30999755859375,79.30999755859375,79.30999755859375,79.30999755859375,0
2020-04-21,79.19999694824219,79.19999694824219,79.19999694824219,79.19999694824219,79.19999694824219,0
2020-04-22,79.02999877929688,79.02999877929688,79.02999877929688,79.02999877929688,79.02999877929688,0
2020-04-23,79.19999694824219,79.19999694824219,79.19999694824219,79.19999694824219,79.19999694824219,0
2020-04-24,79.44000244140625,79.44000244140625,79.44000244140625,79.44000244140625,79.44000244140625,0
2020-04-27,79.52999877929688,79.52999877929688,79.52999877929688,79.52999877929688,79.52999877929688,0
2020-04-28,79.66999816894531,79.66999816894531,79.66999816894531,79.66999816894531,79.66999816894531,0
2020-04-29,79.69000244140625,79.69000244140625,79.69000244140625,79.69000244140625,79.69000244140625,0
2020-04-30,80.05999755859375,80.05999755859375,80.05999755859375,80.05999755859375,80.05999755859375,0
2020-05-04,79.83999633789062,79.83999633789062,79.83999633789062,79.83999633789062,79.83999633789062,0
2020-05-05,79.83000183105469,79.83000183105469,79.83000183105469,79.83000183105469,79.83000183105469,0
2020-05-06,79.58000183105469,79.58000183105469,79.58000183105469,79.58000183105469,79.58000183105469,0
2020-05-07,79.66000366210938,79.66000366210938,79.66000366210938,79.66000366210938,79.66000366210938,0
2020-05-08,79.69000244140625,79.69000244140625,79.69000244140625,79.69000244140625,79.69000244140625,0
2020-05-11,79.58999633789062,79.58999633789062,79.58999633789062,79.58999633789062,79.58999633789062,0
2020-05-12,79.5199966430664,79.5199966430664,79.5199966430664,79.5199966430664,79.5199966430664,0
2020-05-13,79.70999908447266,79.70999908447266,79.70999908447266,79.70999908447266,79.70999908447266,0
2020-05-14,79.61000061035156,79.61000061035156,79.61000061035156,79.61000061035156,79.61000061035156,0
2020-05-15,79.5,79.5,79.5,79.5,79.5,0
2020-05-18,79.58000183105469,79.58000183105469,79.58000183105469,79.58000183105469,79.58000183105469,0
2020-05-19,79.72000122070312,79.72000122070312,79.72000122070312,79.72000122070312,79.72000122070312,0
2020-05-20,79.86000061035156,79.86000061035156,79.86000061035156,79.86000061035156,79.86000061035156,0
2020-05-22,79.95999908447266,79.95999908447266,79.95999908447266,79.95999908447266,79.95999908447266,0
2020-05-25,80.0,80.0,80.0,80.0,80.0,0
2020-05-26,80.02999877929688,80.02999877929688,80.02999877929688,80.02999877929688,80.02999877929688,0
2020-05-27,80.2300033569336,80.2300033569336,80.2300033569336,80.2300033569336,80.2300033569336,0
2020-05-28,80.3499984741211,80.3499984741211,80.3499984741211,80.3499984741211,80.3499984741211,0
2020-05-29,80.37999725341797,80.37999725341797,80.37999725341797,80.37999725341797,80.37999725341797,0
2020-06-02,80.4000015258789,80.4000015258789,80.4000015258789,80.4000015258789,80.4000015258789,0
2020-06-03,80.36000061035156,80.36000061035156,80.36000061035156,80.36000061035156,80.36000061035156,0
2020-06-04,80.52999877929688,80.52999877929688,80.52999877929688,80.52999877929688,80.52999877929688,0
2020-06-05,80.66000366210938,80.66000366210938,80.66000366210938,80.66000366210938,80.66000366210938,0
2020-06-08,80.83999633789062,80.83999633789062,80.83999633789062,80.83999633789062,80.83999633789062,0
2020-06-09,80.62999725341797,80.62999725341797,80.62999725341797,80.62999725341797,80.62999725341797,0
2020-06-10,80.5199966430664,80.5199966430664,80.5199966430664,80.5199966430664,80.5199966430664,0
2020-06-12,80.66000366210938,80.66000366210938,80.66000366210938,80.66000366210938,80.66000366210938,0
2020-06-15,80.68000030517578,80.68000030517578,80.68000030517578,80.68000030517578,80.68000030517578,0
2020-06-16,80.87999725341797,80.87999725341797,80.87999725341797,80.87999725341797,80.87999725341797,0
2020-06-17,80.86000061035156,80.86000061035156,80.86000061035156,80.86000061035156,80.86000061035156,0
2020-06-18,80.81999969482422,80.81999969482422,80.81999969482422,80.81999969482422,80.81999969482422,0
2020-06-19,80.8499984741211,80.8499984741211,80.8499984741211,80.8499984741211,80.8499984741211,0
2020-06-22,80.91000366210938,80.91000366210938,80.91000366210938,80.91000366210938,80.91000366210938,0
2020-06-23,80.87999725341797,80.87999725341797,80.87999725341797,80.87999725341797,80.87999725341797,0
2020-06-24,80.91999816894531,80.91999816894531,80.91999816894531,80.91999816894531,80.91999816894531,0
2020-06-25,80.87999725341797,80.87999725341797,80.87999725341797,80.87999725341797,80.87999725341797,0
2020-06-26,80.91000366210938,80.91000366210938,80.91000366210938,80.91000366210938,80.91000366210938,0
2020-06-29,80.87000274658203,80.87000274658203,80.87000274658203,80.87000274658203,80.87000274658203,0
2020-06-30,80.88999938964844,80.88999938964844,80.88999938964844,80.88999938964844,80.88999938964844,0
2020-07-01,80.80999755859375,80.80999755859375,80.80999755859375,80.80999755859375,80.80999755859375,0
2020-07-02,80.91999816894531,80.91999816894531,80.91999816894531,80.91999816894531,80.91999816894531,0
2020-07-03,80.91999816894531,80.91999816894531,80.91999816894531,80.91999816894531,80.91999816894531,0
2020-07-06,80.9800033569336,80.9800033569336,80.9800033569336,80.9800033569336,80.9800033569336,0
2020-07-07,80.97000122070312,80.97000122070312,80.97000122070312,80.97000122070312,80.97000122070312,0
2020-07-08,80.9800033569336,80.9800033569336,80.9800033569336,80.9800033569336,80.9800033569336,0
2020-07-09,80.97000122070312,80.97000122070312,80.97000122070312,80.97000122070312,80.97000122070312,0
2020-07-10,80.95999908447266,80.95999908447266,80.95999908447266,80.95999908447266,80.95999908447266,0
2020-07-13,80.9000015258789,80.9000015258789,80.9000015258789,80.9000015258789,80.9000015258789,0
2020-07-14,80.97000122070312,80.97000122070312,80.97000122070312,80.97000122070312,80.97000122070312,0
2020-07-15,81.0199966430664,81.0199966430664,81.0199966430664,81.0199966430664,81.0199966430664,0
2020-07-16,81.08999633789062,81.08999633789062,81.08999633789062,81.08999633789062,81.08999633789062,0
2020-07-17,81.08999633789062,81.08999633789062,81.08999633789062,81.08999633789062,81.08999633789062,0
2020-07-20,81.2300033569336,81.2300033569336,81.2300033569336,81.2300033569336,81.2300033569336,0
2020-07-21,81.31999969482422,81.31999969482422,81.31999969482422,81.31999969482422,81.31999969482422,0
2020-07-22,81.37000274658203,81.37000274658203,81.37000274658203,81.37000274658203,81.37000274658203,0
2020-07-23,81.38999938964844,81.38999938964844,81.38999938964844,81.38999938964844,81.38999938964844,0
2020-07-24,81.33000183105469,81.33000183105469,81.33000183105469,81.33000183105469,81.33000183105469,0
2020-07-27,81.37999725341797,81.37999725341797,81.37999725341797,81.37999725341797,81.37999725341797,0
2020-07-28,81.37999725341797,81.37999725341797,81.37999725341797,81.37999725341797,81.37999725341797,0
2020-07-29,81.37000274658203,81.37000274658203,81.37000274658203,81.37000274658203,81.37000274658203,0
2020-07-30,81.41999816894531,81.41999816894531,81.41999816894531,81.41999816894531,81.41999816894531,0
2020-07-31,81.36000061035156,81.36000061035156,81.36000061035156,81.36000061035156,81.36000061035156,0
2020-08-03,81.37999725341797,81.37999725341797,81.37999725341797,81.37999725341797,81.37999725341797,0
2020-08-04,81.45999908447266,81.45999908447266,81.45999908447266,81.45999908447266,81.45999908447266,0
2020-08-05,81.38999938964844,81.38999938964844,81.38999938964844,81.38999938964844,81.38999938964844,0
2020-08-06,81.44999694824219,81.44999694824219,81.44999694824219,81.44999694824219,81.44999694824219,0
2020-08-07,81.47000122070312,81.47000122070312,81.47000122070312,81.47000122070312,81.47000122070312,0
2020-08-10,81.56999969482422,81.56999969482422,81.56999969482422,81.56999969482422,81.56999969482422,0
2020-08-11,81.55999755859375,81.55999755859375,81.55999755859375,81.55999755859375,81.55999755859375,0
2020-08-12,81.56999969482422,81.56999969482422,81.56999969482422,81.56999969482422,81.56999969482422,0
2020-08-13,81.51000213623047,81.51000213623047,81.51000213623047,81.51000213623047,81.51000213623047,0
2020-08-14,81.5199966430664,81.5199966430664,81.5199966430664,81.5199966430664,81.5199966430664,0
2020-08-17,81.58999633789062,81.58999633789062,81.58999633789062,81.58999633789062,81.58999633789062,0
2020-08-18,81.61000061035156,81.61000061035156,81.61000061035156,81.61000061035156,81.61000061035156,0
2020-08-19,81.63999938964844,81.63999938964844,81.63999938964844,81.63999938964844,81.63999938964844,0
2020-08-20,81.6500015258789,81.6500015258789,81.6500015258789,81.6500015258789,81.6500015258789,0
2020-08-21,81.66000366210938,81.66000366210938,81.66000366210938,81.66000366210938,81.66000366210938,0
2020-08-24,81.62999725341797,81.62999725341797,81.62999725341797,81.62999725341797,81.62999725341797,0
2020-08-25,81.52999877929688,81.52999877929688,81.52999877929688,81.52999877929688,81.52999877929688,0
2020-08-26,81.52999877929688,81.52999877929688,81.52999877929688,81.52999877929688,81.52999877929688,0
2020-08-27,81.5,81.5,81.5,81.5,81.5,0
2020-08-28,81.51000213623047,81.51000213623047,81.51000213623047,81.51000213623047,81.51000213623047,0
2020-08-31,81.44999694824219,81.44999694824219,81.44999694824219,81.44999694824219,81.44999694824219,0
2020-09-01,81.52999877929688,81.52999877929688,81.52999877929688,81.52999877929688,81.52999877929688,0
2020-09-02,81.69000244140625,81.69000244140625,81.69000244140625,81.69000244140625,81.69000244140625,0
2020-09-03,81.70999908447266,81.70999908447266,81.70999908447266,81.70999908447266,81.70999908447266,0
2020-09-04,81.63999938964844,81.63999938964844,81.63999938964844,81.63999938964844,81.63999938964844,0
2020-09-07,81.62000274658203,81.62000274658203,81.62000274658203,81.62000274658203,81.62000274658203,0
2020-09-08,81.66999816894531,81.66999816894531,81.66999816894531,81.66999816894531,81.66999816894531,0
2020-09-09,81.62999725341797,81.62999725341797,81.62999725341797,81.62999725341797,81.62999725341797,0
2020-09-10,81.55999755859375,81.55999755859375,81.55999755859375,81.55999755859375,81.55999755859375,0
2020-09-11,81.66000366210938,81.66000366210938,81.66000366210938,81.66000366210938,81.66000366210938,0
2020-09-14,81.69000244140625,81.69000244140625,81.69000244140625,81.69000244140625,81.69000244140625,0
2020-09-15,81.70999908447266,81.70999908447266,81.70999908447266,81.70999908447266,81.70999908447266,0
2020-09-16,81.75,81.75,81.75,81.75,81.75,0
2020-09-17,81.77999877929688,81.77999877929688,81.77999877929688,81.77999877929688,81.77999877929688,0
2020-09-18,81.76000213623047,81.76000213623047,81.76000213623047,81.76000213623047,81.76000213623047,0
2020-09-21,81.80999755859375,81.80999755859375,81.80999755859375,81.80999755859375,81.80999755859375,0
2020-09-22,81.76000213623047,81.76000213623047,81.76000213623047,81.76000213623047,81.76000213623047,0
2020-09-23,81.77999877929688,81.77999877929688,81.77999877929688,81.77999877929688,81.77999877929688,0
2020-09-24,81.69000244140625,81.69000244140625,81.69000244140625,81.69000244140625,81.69000244140625,0
2020-09-25,81.69000244140625,81.69000244140625,81.69000244140625,81.69000244140625,81.69000244140625,0
2020-09-28,81.72000122070312,81.72000122070312,81.72000122070312,81.72000122070312,81.72000122070312,0
2020-09-29,81.77999877929688,81.77999877929688,81.77999877929688,81.77999877929688,81.77999877929688,0
2020-09-30,81.76000213623047,81.76000213623047,81.76000213623047,81.76000213623047,81.76000213623047,0
2020-10-01,81.87000274658203,81.87000274658203,81.87000274658203,81.87000274658203,81.87000274658203,0
2020-10-02,81.93000030517578,81.93000030517578,81.93000030517578,81.93000030517578,81.93000030517578,0
2020-10-05,81.9800033569336,81.9800033569336,81.9800033569336,81.9800033569336,81.9800033569336,0
2020-10-06,82.0,82.0,82.0,82.0,82.0,0
2020-10-07,81.9800033569336,81.9800033569336,81.9800033569336,81.9800033569336,81.9800033569336,0
2020-10-08,82.02999877929688,82.02999877929688,82.02999877929688,82.02999877929688,82.02999877929688,0
2020-10-09,82.05000305175781,82.05000305175781,82.05000305175781,82.05000305175781,82.05000305175781,0
2020-10-12,82.08000183105469,82.08000183105469,82.08000183105469,82.08000183105469,82.08000183105469,0
2020-10-13,82.11000061035156,82.11000061035156,82.11000061035156,82.11000061035156,82.11000061035156,0
2020-10-14,82.16000366210938,82.16000366210938,82.16000366210938,82.16000366210938,82.16000366210938,0
2020-10-15,82.13999938964844,82.13999938964844,82.13999938964844,82.13999938964844,82.13999938964844,0
2020-10-16,82.20999908447266,82.20999908447266,82.20999908447266,82.20999908447266,82.20999908447266,0
2020-10-19,82.19000244140625,82.19000244140625,82.19000244140625,82.19000244140625,82.19000244140625,0
2020-10-20,82.13999938964844,82.13999938964844,82.13999938964844,82.13999938964844,82.13999938964844,0
2020-10-21,82.05999755859375,82.05999755859375,82.05999755859375,82.05999755859375,82.05999755859375,0
2020-10-22,81.98999786376953,81.98999786376953,81.98999786376953,81.98999786376953,81.98999786376953,0
2020-10-23,82.01000213623047,82.01000213623047,82.01000213623047,82.01000213623047,82.01000213623047,0
2020-10-26,82.02999877929688,82.02999877929688,82.02999877929688,82.02999877929688,82.02999877929688,0
2020-10-27,82.11000061035156,82.11000061035156,82.11000061035156,82.11000061035156,82.11000061035156,0
2020-10-28,82.0199966430664,82.0199966430664,82.0199966430664,82.0199966430664,82.0199966430664,0
2020-10-29,82.08000183105469,82.08000183105469,82.08000183105469,82.08000183105469,82.08000183105469,0
2020-10-30,82.0199966430664,82.0199966430664,82.0199966430664,82.0199966430664,82.0199966430664,0
2020-11-02,82.05000305175781,82.05000305175781,82.05000305175781,82.05000305175781,82.05000305175781,0
2020-11-03,82.05999755859375,82.05999755859375,82.05999755859375,82.05999755859375,82.05999755859375,0
2020-11-04,82.1500015258789,82.1500015258789,82.1500015258789,82.1500015258789,82.1500015258789,0
2020-11-05,82.23999786376953,82.23999786376953,82.23999786376953,82.23999786376953,82.23999786376953,0
2020-11-06,82.23999786376953,82.23999786376953,82.23999786376953,82.23999786376953,82.23999786376953,0
2020-11-09,82.12999725341797,82.12999725341797,82.12999725341797,82.12999725341797,82.12999725341797,0
2020-11-10,82.11000061035156,82.11000061035156,82.11000061035156,82.11000061035156,82.11000061035156,0
2020-11-11,82.1500015258789,82.1500015258789,82.1500015258789,82.1500015258789,82.1500015258789,0
2020-11-12,82.20999908447266,82.20999908447266,82.20999908447266,82.20999908447266,82.20999908447266,0
2020-11-13,82.23999786376953,82.23999786376953,82.23999786376953,82.23999786376953,82.23999786376953,0
2020-11-16,81.77999877929688,81.77999877929688,81.77999877929688,81.77999877929688,81.77999877929688,0
2020-11-17,81.83000183105469,81.83000183105469,81.83000183105469,81.83000183105469,81.83000183105469,0
2020-11-18,81.81999969482422,81.81999969482422,81.81999969482422,81.81999969482422,81.81999969482422,0
2020-11-19,81.83999633789062,81.83999633789062,81.83999633789062,81.83999633789062,81.83999633789062,0
2020-11-20,81.88999938964844,81.88999938964844,81.88999938964844,81.88999938964844,81.88999938964844,0
2020-11-23,81.9000015258789,81.9000015258789,81.9000015258789,81.9000015258789,81.9000015258789,0
2020-11-24,81.91999816894531,81.91999816894531,81.91999816894531,81.91999816894531,81.91999816894531,0
2020-11-25,81.91999816894531,81.91999816894531,81.91999816894531,81.91999816894531,81.91999816894531,0
2020-11-26,81.94000244140625,81.94000244140625,81.94000244140625,81.94000244140625,81.94000244140625,0
2020-11-27,81.94999694824219,81.94999694824219,81.94999694824219,81.94999694824219,81.94999694824219,0
2020-11-30,81.9000015258789,81.9000015258789,81.9000015258789,81.9000015258789,81.9000015258789,0
2020-12-01,81.83000183105469,81.83000183105469,81.83000183105469,81.83000183105469,81.83000183105469,0
2020-12-02,81.83999633789062,81.83999633789062,81.83999633789062,81.83999633789062,81.83999633789062,0
2020-12-03,81.91000366210938,81.91000366210938,81.91000366210938,81.91000366210938,81.91000366210938,0
2020-12-04,81.93000030517578,81.93000030517578,81.93000030517578,81.93000030517578,81.93000030517578,0
2020-12-07,82.0,82.0,82.0,82.0,82.0,0
2020-12-08,82.08000183105469,82.08000183105469,82.08000183105469,82.08000183105469,82.08000183105469,0
2020-12-09,82.0999984741211,82.0999984741211,82.0999984741211,82.0999984741211,82.0999984741211,0
2020-12-10,82.0999984741211,82.0999984741211,82.0999984741211,82.0999984741211,82.0999984741211,0
2020-12-11,82.1500015258789,82.1500015258789,82.1500015258789,82.1500015258789,82.1500015258789,0
2020-12-14,82.16000366210938,82.16000366210938,82.16000366210938,82.16000366210938,82.16000366210938,0
2020-12-15,82.16999816894531,82.16999816894531,82.16999816894531,82.16999816894531,82.16999816894531,0
2020-12-16,82.08000183105469,82.08000183105469,82.08000183105469,82.08000183105469,82.08000183105469,0
2020-12-17,82.0999984741211,82.0999984741211,82.0999984741211,82.0999984741211,82.0999984741211,0
2020-12-18,82.0999984741211,82.0999984741211,82.0999984741211,82.0999984741211,82.0999984741211,0
2020-12-21,82.06999969482422,82.06999969482422,82.06999969482422,82.06999969482422,82.06999969482422,0
2020-12-22,82.08000183105469,82.08000183105469,82.08000183105469,82.08000183105469,82.08000183105469,0
2020-12-23,82.01000213623047,82.01000213623047,82.01000213623047,82.01000213623047,82.01000213623047,0
2020-12-28,82.05000305175781,82.05000305175781,82.05000305175781,82.05000305175781,82.05000305175781,0
2020-12-29,82.06999969482422,82.06999969482422,82.06999969482422,82.06999969482422,82.06999969482422,0
2020-12-30,82.05999755859375,82.05999755859375,82.05999755859375,82.05999755859375,82.05999755859375,0
2021-01-04,82.19000244140625,82.19000244140625,82.19000244140625,82.19000244140625,82.19000244140625,0
2021-01-05,82.16000366210938,82.16000366210938,82.16000366210938,82.16000366210938,82.16000366210938,0
2021-01-06,82.12999725341797,82.12999725341797,82.12999725341797,82.12999725341797,82.12999725341797,0
2021-01-07,82.12999725341797,82.12999725341797,82.12999725341797,82.12999725341797,82.12999725341797,0
2021-01-08,82.16000366210938,82.16000366210938,82.16000366210938,82.16000366210938,82.16000366210938,0
2021-01-11,82.11000061035156,82.11000061035156,82.11000061035156,82.11000061035156,82.11000061035156,0
2021-01-12,81.95999908447266,81.95999908447266,81.95999908447266,81.95999908447266,81.95999908447266,0
2021-01-13,82.05000305175781,82.05000305175781,82.05000305175781,82.05000305175781,82.05000305175781,0
2021-01-14,82.05000305175781,82.05000305175781,82.05000305175781,82.05000305175781,82.05000305175781,0
2021-01-15,82.05000305175781,82.05000305175781,82.05000305175781,82.05000305175781,82.05000305175781,0
2021-01-18,82.01000213623047,82.01000213623047,82.01000213623047,82.01000213623047,82.01000213623047,0
2021-01-19,82.04000091552734,82.04000091552734,82.04000091552734,82.04000091552734,82.04000091552734,0
2021-01-20,82.05000305175781,82.05000305175781,82.05000305175781,82.05000305175781,82.05000305175781,0
2021-01-21,81.97000122070312,81.97000122070312,81.97000122070312,81.97000122070312,81.97000122070312,0
2021-01-22,81.93000030517578,81.93000030517578,81.93000030517578,81.93000030517578,81.93000030517578,0
2021-01-25,82.0199966430664,82.0199966430664,82.0199966430664,82.0199966430664,82.0199966430664,0
2021-01-26,82.0,82.0,82.0,82.0,82.0,0
2021-01-27,81.98999786376953,81.98999786376953,81.98999786376953,81.98999786376953,81.98999786376953,0
2021-01-28,81.95999908447266,81.95999908447266,81.95999908447266,81.95999908447266,81.95999908447266,0
2021-01-29,81.94999694824219,81.94999694824219,81.94999694824219,81.94999694824219,81.94999694824219,0
2021-02-01,81.9800033569336,81.9800033569336,81.9800033569336,81.9800033569336,81.9800033569336,0
2021-02-02,81.95999908447266,81.95999908447266,81.95999908447266,81.95999908447266,81.95999908447266,0
2021-02-03,81.98999786376953,81.98999786376953,81.98999786376953,81.98999786376953,81.98999786376953,0
2021-02-04,82.0,82.0,82.0,82.0,82.0,0
2021-02-05,82.01000213623047,82.01000213623047,82.01000213623047,82.01000213623047,82.01000213623047,0
2021-02-08,82.01000213623047,82.01000213623047,82.01000213623047,82.01000213623047,82.01000213623047,0
2021-02-09,82.01000213623047,82.01000213623047,82.01000213623047,82.01000213623047,82.01000213623047,0
2021-02-10,81.98999786376953,81.98999786376953,81.98999786376953,81.98999786376953,81.98999786376953,0
2021-02-11,82.04000091552734,82.04000091552734,82.04000091552734,82.04000091552734,82.04000091552734,0
2021-02-12,81.9800033569336,81.9800033569336,81.9800033569336,81.9800033569336,81.9800033569336,0
2021-02-15,81.87999725341797,81.87999725341797,81.87999725341797,81.87999725341797,81.87999725341797,0
2021-02-16,81.80000305175781,81.80000305175781,81.80000305175781,81.80000305175781,81.80000305175781,0
2021-02-17,81.77999877929688,81.77999877929688,81.77999877929688,81.77999877929688,81.77999877929688,0
2021-02-18,81.5999984741211,81.5999984741211,81.5999984741211,81.5999984741211,81.5999984741211,0
2021-02-19,81.58000183105469,81.58000183105469,81.58000183105469,81.58000183105469,81.58000183105469,0
2021-02-22,81.5999984741211,81.5999984741211,81.5999984741211,81.5999984741211,81.5999984741211,0
2021-02-23,81.52999877929688,81.52999877929688,81.52999877929688,81.52999877929688,81.52999877929688,0
2021-02-24,81.47000122070312,81.47000122070312,81.47000122070312,81.47000122070312,81.47000122070312,0
2021-02-25,81.23999786376953,81.23999786376953,81.23999786376953,81.23999786376953,81.23999786376953,0
2021-02-26,81.2300033569336,81.2300033569336,81.2300033569336,81.2300033569336,81.2300033569336,0
2021-03-01,81.47000122070312,81.47000122070312,81.47000122070312,81.47000122070312,81.47000122070312,0
2021-03-02,81.51000213623047,81.51000213623047,81.51000213623047,81.51000213623047,81.51000213623047,0
2021-03-03,81.4000015258789,81.4000015258789,81.4000015258789,81.4000015258789,81.4000015258789,0
2021-03-04,81.4000015258789,81.4000015258789,81.4000015258789,81.4000015258789,81.4000015258789,0
2021-03-05,81.31999969482422,81.31999969482422,81.31999969482422,81.31999969482422,81.31999969482422,0
2021-03-08,81.25,81.25,81.25,81.25,81.25,0
2021-03-09,81.3499984741211,81.3499984741211,81.3499984741211,81.3499984741211,81.3499984741211,0
2021-03-10,81.38999938964844,81.38999938964844,81.38999938964844,81.38999938964844,81.38999938964844,0
2021-03-11,81.51000213623047,81.51000213623047,81.51000213623047,81.51000213623047,81.51000213623047,0
2021-03-12,81.44999694824219,81.44999694824219,81.44999694824219,81.44999694824219,81.44999694824219,0
2021-03-15,81.5199966430664,81.5199966430664,81.5199966430664,81.5199966430664,81.5199966430664,0
2021-03-16,81.5199966430664,81.5199966430664,81.5199966430664,81.5199966430664,81.5199966430664,0
2021-03-17,81.43000030517578,81.43000030517578,81.43000030517578,81.43000030517578,81.43000030517578,0
2021-03-18,81.41000366210938,81.41000366210938,81.41000366210938,81.41000366210938,81.41000366210938,0
2021-03-19,81.44000244140625,81.44000244140625,81.44000244140625,81.44000244140625,81.44000244140625,0
2021-03-22,81.45999908447266,81.45999908447266,81.45999908447266,81.45999908447266,81.45999908447266,0
2021-03-23,81.5199966430664,81.5199966430664,81.5199966430664,81.5199966430664,81.5199966430664,0
2021-03-24,81.55999755859375,81.55999755859375,81.55999755859375,81.55999755859375,81.55999755859375,0
2021-03-25,81.58000183105469,81.58000183105469,81.58000183105469,81.58000183105469,81.58000183105469,0
2021-03-26,81.52999877929688,81.52999877929688,81.52999877929688,81.52999877929688,81.52999877929688,0
2021-03-29,81.48999786376953,81.48999786376953,81.48999786376953,81.48999786376953,81.48999786376953,0
2021-03-30,81.44999694824219,81.44999694824219,81.44999694824219,81.44999694824219,81.44999694824219,0
2021-03-31,81.45999908447266,81.45999908447266,81.45999908447266,81.45999908447266,81.45999908447266,0
2021-04-01,81.54000091552734,81.54000091552734,81.54000091552734,81.54000091552734,81.54000091552734,0
2021-04-06,81.5199966430664,81.5199966430664,81.5199966430664,81.5199966430664,81.5199966430664,0
2021-04-07,81.55999755859375,81.55999755859375,81.55999755859375,81.55999755859375,81.55999755859375,0
2021-04-08,81.55999755859375,81.55999755859375,81.55999755859375,81.55999755859375,81.55999755859375,0
2021-04-09,81.5,81.5,81.5,81.5,81.5,0
2021-04-12,81.4800033569336,81.4800033569336,81.4800033569336,81.4800033569336,81.4800033569336,0
2021-04-13,81.45999908447266,81.45999908447266,81.45999908447266,81.45999908447266,81.45999908447266,0
2021-04-14,81.41000366210938,81.41000366210938,81.41000366210938,81.41000366210938,81.41000366210938,0
2021-04-15,81.44999694824219,81.44999694824219,81.44999694824219,81.44999694824219,81.44999694824219,0
2021-04-16,81.44000244140625,81.44000244140625,81.44000244140625,81.44000244140625,81.44000244140625,0
2021-04-19,81.43000030517578,81.43000030517578,81.43000030517578,81.43000030517578,81.43000030517578,0
2021-04-20,81.44999694824219,81.44999694824219,81.44999694824219,81.44999694824219,81.44999694824219,0
2021-04-21,81.45999908447266,81.45999908447266,81.45999908447266,81.45999908447266,81.45999908447266,0
2021-04-22,81.43000030517578,81.43000030517578,81.43000030517578,81.43000030517578,81.43000030517578,0
2021-04-23,81.43000030517578,81.43000030517578,81.43000030517578,81.43000030517578,81.43000030517578,0
2021-04-26,81.4000015258789,81.4000015258789,81.4000015258789,81.4000015258789,81.4000015258789,0
2021-04-27,81.4000015258789,81.4000015258789,81.4000015258789,81.4000015258789,81.4000015258789,0
2021-04-28,81.37999725341797,81.37999725341797,81.37999725341797,81.37999725341797,81.37999725341797,0
2021-04-29,81.3499984741211,81.3499984741211,81.3499984741211,81.3499984741211,81.3499984741211,0
2021-04-30,81.37000274658203,81.37000274658203,81.37000274658203,81.37000274658203,81.37000274658203,0
2021-05-03,81.37999725341797,81.37999725341797,81.37999725341797,81.37999725341797,81.37999725341797,0
2021-05-04,81.41999816894531,81.41999816894531,81.41999816894531,81.41999816894531,81.41999816894531,0
2021-05-05,81.4000015258789,81.4000015258789,81.4000015258789,81.4000015258789,81.4000015258789,0
2021-05-06,81.37000274658203,81.37000274658203,81.37000274658203,81.37000274658203,81.37000274658203,0
2021-05-07,81.3499984741211,81.3499984741211,81.3499984741211,81.3499984741211,81.3499984741211,0
2021-05-10,81.4000015258789,81.4000015258789,81.4000015258789,81.4000015258789,81.4000015258789,0
2021-05-11,81.33999633789062,81.33999633789062,81.33999633789062,81.33999633789062,81.33999633789062,0
2021-05-12,81.30000305175781,81.30000305175781,81.30000305175781,81.30000305175781,81.30000305175781,0
2021-05-14,81.23999786376953,81.23999786376953,81.23999786376953,81.23999786376953,81.23999786376953,0
2021-05-17,81.22000122070312,81.22000122070312,81.22000122070312,81.22000122070312,81.22000122070312,0
2021-05-18,81.20999908447266,81.20999908447266,81.20999908447266,81.20999908447266,81.20999908447266,0
2021-05-19,81.1500015258789,81.1500015258789,81.1500015258789,81.1500015258789,81.1500015258789,0
2021-05-20,81.16999816894531,81.16999816894531,81.16999816894531,81.16999816894531,81.16999816894531,0
2021-05-21,81.20999908447266,81.20999908447266,81.20999908447266,81.20999908447266,81.20999908447266,0
2021-05-25,81.30000305175781,81.30000305175781,81.30000305175781,81.30000305175781,81.30000305175781,0
2021-05-26,81.33000183105469,81.33000183105469,81.33000183105469,81.33000183105469,81.33000183105469,0
2021-05-27,81.31999969482422,81.31999969482422,81.31999969482422,81.31999969482422,81.31999969482422,0
2021-05-28,81.3499984741211,81.3499984741211,81.3499984741211,81.3499984741211,81.3499984741211,0
2021-05-31,81.3499984741211,81.3499984741211,81.3499984741211,81.3499984741211,81.3499984741211,0
2021-06-01,81.38999938964844,81.38999938964844,81.38999938964844,81.38999938964844,81.38999938964844,0
2021-06-02,81.43000030517578,81.43000030517578,81.43000030517578,81.43000030517578,81.43000030517578,0
2021-06-04,81.44999694824219,81.44999694824219,81.44999694824219,81.44999694824219,81.44999694824219,0
2021-06-07,81.44000244140625,81.44000244140625,81.44000244140625,81.44000244140625,81.44000244140625,0
2021-06-08,81.48999786376953,81.48999786376953,81.48999786376953,81.48999786376953,81.48999786376953,0
2021-06-09,81.54000091552734,81.54000091552734,81.54000091552734,81.54000091552734,81.54000091552734,0
2021-06-10,81.58000183105469,81.58000183105469,81.58000183105469,81.58000183105469,81.58000183105469,0
2021-06-11,81.62999725341797,81.62999725341797,81.62999725341797,81.62999725341797,81.62999725341797,0
2021-06-14,81.5999984741211,81.5999984741211,81.5999984741211,81.5999984741211,81.5999984741211,0
2021-06-15,81.58000183105469,81.58000183105469,81.58000183105469,81.58000183105469,81.58000183105469,0
2021-06-16,81.56999969482422,81.56999969482422,81.56999969482422,81.56999969482422,81.56999969482422,0
2021-06-17,81.5,81.5,81.5,81.5,81.5,0
2021-06-18,81.44999694824219,81.44999694824219,81.44999694824219,81.44999694824219,81.44999694824219,0
2021-06-21,81.44000244140625,81.44000244140625,81.44000244140625,81.44000244140625,81.44000244140625,0
2021-06-22,81.44000244140625,81.44000244140625,81.44000244140625,81.44000244140625,81.44000244140625,0
2021-06-23,81.45999908447266,81.45999908447266,81.45999908447266,81.45999908447266,81.45999908447266,0
2021-06-24,81.45999908447266,81.45999908447266,81.45999908447266,81.45999908447266,81.45999908447266,0
2021-06-25,81.44000244140625,81.44000244140625,81.44000244140625,81.44000244140625,81.44000244140625,0
2021-06-28,81.45999908447266,81.45999908447266,81.45999908447266,81.45999908447266,81.45999908447266,0
2021-06-29,81.44999694824219,81.44999694824219,81.44999694824219,81.44999694824219,81.44999694824219,0
2021-06-30,81.48999786376953,81.48999786376953,81.48999786376953,81.48999786376953,81.48999786376953,0
2021-07-01,81.5,81.5,81.5,81.5,81.5,0
